Key	Catalogus Nr.
C-EUC0805:33p	YCAM33P-2
C-EUC0805:100n	YCAM100N-1
CPOL-EUE2.5-6:100µ	CAER100U-2
CPOL-EUE2.5-6:10µ	CAT10U
C-EU050-025X075:470n	CAM470N
1N4004	DIO1N4007
1N4148	DIO1N4148
MAX3223EAP	YICLMAX3223
PINHD-1X2:	Farnell: 341-7645
PINHD-1X5:	CNHDR036M3-1
YCOL10U:10µ	YCOL10U
LED3MM:	DIL3G
R-US_0207/10:1k	RES1K
R-US_0207/10:3k3	RES3K24
R-US_0207/10:820	RES820E
R-EU_0207/10:1R	RES1E
R-EU_0207/10:180R	RES180E
R-US_0207/10:10k	RES10K
R-EU_0207/10:560R	RES560E
R-US_0207/10:330	RES330E
R-EU_0207/10:1K	RES1K
R-EU_0207/10:15K	RES15K
R-EU_0207/10:150K	RES150K
R-EU_0207/10:27K	RES27K
R-EU_0207/10:10K	RES10K
R-US_0207/10:1K	RES1K
R-EU_0207/10:82R	RES82E
R-EU_0207/10:NOTPLACED	
LPC2106	YICLPC2106
ADM809	YICSADM809
LP3984-1V8	YICRLP3984-1V8
LP3985-3V3	YICRLP3985-3V3
JXS53	YXTL12M00
CNPWR004M-1	CNPWR004M4
F09HP:	CNSUD009F2-2
WAGO8-255-408-508	CNTRM008
R-US_0207/10:1R	RES1E
R-US_0207/10:180R	RES180E
R-US_0207/10:10K	RES10K
R-US_0207/10:560R	RES560E
R-US_0207/10:15K	RES15K
R-US_0207/10:150K	RES150K
R-US_0207/10:27K	RES27K
R-US_0207/10:82R	RES82E
PCF8591P	ICSPCF8591
7805T	ICR7805
MAX472CPA	ICSMAX472
BS170	TRFBS170
R-US_0207/10:39R	RES39E
ML20:JP_JTAG	CNFLC020M1
PINHD-1X3:	CNHDR036M3-1
WAGO2-255-402-508	CNTRM002
C-EU025-030X050:10n	CAC10N
C-EU025-030X050:27p	YCAM33P
CPOL-EUE15-5AXIAL:10µ	CAER10U
PINHD-2X10:	CNHDR064M3-1
PINHD-1X17:	CNHDR036M3-1
PINHD-1X16:	CNHDR036M3-1
BC557	TRSBC557
BC547	TRSBC547
R-US_0207/10:4K7	RES4K7
R-US_0207/10:56K	RES56K
R-US_0207/10:470R	RES470E
R-US_0207/10:220R	RES220E
R-US_0207/10:56R	RES56E
R-US_0207/10:470K	RES470K
R-US_0207/10:390R	RES390E
R-US_0207/10:1K5	RES1K5
R-US_0207/10:3K3	RES3K3
R-US_0207/10:330R	RES330E
R-US_0207/10:12K	RES12K
R-US_0207/10:22K	RES22K
R-US_0207/10:33K	RES33K
R-US_0207/10:680R	RES680E
R-US_0207/10:2K7	RES2K7
RN08:4K7	REN8X4K7
M212	YICOM212-1
ML20:	CNFLC020M1
SL811ST	YICPSL811ST
USB-B_V	CNUSB04F1
74HC4067	ICT74HC4067
74HC241N	ICT74HC241N
74HC139N	ICT74HC139N
74HC14N	ICT74HC14N
R-US_0207/10:820R	RES820E
R-US_0207/10:1K0	RES1K
YDIZ:4V7	YDIZ4V7
M211	YICOM211-1
CPOL-EUE2.5-7:10µ	CAER10U
R-US_0207/10:8K2	RES8K2
AD8032	YICSAD8032
R-US_0207/10:390K	RES390K
C-EU050-025X075:27n	CAM27N
C-EUC1206:1n	YCAM1N
PINHD-1X4:	CNHDR036M3-1
WAGO4-255-404-508	CNTRM005
SN75HVD12	YICL75HVD12
LM393N	ICLLM393N
R-US_0207/10:1R0	RES1E
R-US_0207/10:1K8	RES1K8
C-EUC1206:10n	YCAM10N
C-EUC1206:10µ	YCAM10U
74HC04D	YICT74HC04
CPOL-EUE25-10AXIAL:470µF/35V	CAEA470U
F15VP	CONSUD015F3
PINHD-2X3:	CNHDR073M3-1
PINHD-2X7:	CNHDR064M3-1
PINHD-2X8:	CNHDR064M3-1
R-US_0207/10:220E	RES220E
4051D	YICT74HC4051
MICROMATCH_12POS	CNFLC012F1
LP3985IM5-3.3	YICRLP3985-3.3
C-EU150-072X183:680n	Farnell 562-713
C-EU150-072X183:220n	Farnell 562-543
R-US_0207/10:100K	RES100K
YDIZ:	YDIZ4V7
G5V1	Farnell 466-888
YCOLFB600E:FB600E	YCOLFB600E
R-US_0207/10:470E	RES470E
R-US_0207/10:39E	RES39E
C-EUC1206:10µF	YCAM10U
PINHD-1X7:	CNHDR036M3-1
MBRA140	YDIOMRA140
MAX3221EUE	YICLMAX3220
LM2671	YICRLM2671
LM311N	Farnell 334-3613
CNPWR002M4-1	CNPWR002M4-1
R-US_0207/10:820E	RES820E
R-US_0207/10:330E	RES330E
YCOL100U-1:100µH	YCOL100U-1
R-US_0207/10:56E	RES56E
YCAT47U:47µF	YCAT47U
R-US_0207/10:47K	RES47K
R-US_M0805:3K3	YRES3K3-2
R-US_0207/10:1E	RES1E
R-US_R0603:1K2	YRES1K2-1
R-US_R0603:3K3	YRES3K3-1
YCOL10U:10µH	YCOL10U
RN04:4K7	REN4x4K7
LP2985IM5-1.8	RSonline 471-8317
MAX472	Farnell 361-6010
CPOL-EU175TMP-0808:100µF	YCAER100U
CPOL-EUE2.5-5:100µ/63V	CAER100U-1
PINHD-2X13:	CNHDR064M3-1
C-EU025-040X050:100n	CAM100N
RN08:10K	REN8X10K
R-TRIMM3339P:1K	Farnell 463-1171
C-EU025-050X050:1n/polyprop	Farnell 150-006
C-EUC0603:10n	YCAM10N-1
PINHD-1X11:	CNHDR036M3-1
YCOLFB600E	YCOLFB600E
74HC74D	Farnell 379-300
R-US_0207/10:82K	RES82K
PINHD-1X8:	Farnell: 118-7828
PINHD-2X4:	CNHDR064M3-1
MAX483CSA	YICLMAX483
MCS08	Testpin
R-US_0207/10:680K	RES680K
744053D	YICT74HC4053
ADG712BRZ	Farnell 9603891
DA108S1	Farnell 9802215
DIN41612-F	CNDIN048F1-1
LM1881M	Farnell 949-3468
PINHD-1X1:	CNHDR036M3-1
PINHD-1X6:	CNHDR036M3-1
R-US_0207/10:200E/1%	RES200E
R-US_0207/10:75E	RES75E
0569564-1	CNRJ45F1-4
BNC	CNBNCF3-2
R-US_0207/10:1M0	RES1M
1N5822	DIO1N5822
C-EU102-054X133:4n7/400V	CAC4N7
R-US_0207/10:18K	RES18K
45VA:45VA	TFM25
R-US_0207/10:100E	RES100E
YCAT47U:100u	YCAT100U
YCOL100U-1:100uH	YCOL100U-1
R-US_0207/10:220	RES220E
CPOL-EUE35-12AXIAL:470µ/40V	CAEA470U-1
500mA (time lag)	FSH01
C-EU025-040X050:560p	
637-10ABP	Farnell 335-4222
CPOL-EUE45-21AXIAL:4700µ/40V	CAEA4700U
B80C37002200	DIB03
C-EU025-040X050:680p	Farnell 383-4128
LM2671-3.3	YICRLM2671
PE-53145	Farnell 552-318
LM2596TV:	Farnell 949-4162
RN08:220E	REN8X220E
RN04:220E	REN4X220E
C-EU150-054X183:150n/400V	CAF150N
800mA (time lag)	FSH01
CON_EDGE44	RS-Online 483-871
MSTBV10	Farnell 304-1566
IEC_INLET	CNPWR0031-1
WAGO3-255-403-508	CNTRM003
XH10	CNXH010M1
C-EUC0603:1n	YCAM1N-1
C-EUC0603:2n2	YCAM2N2-1
CRYTALHC49U-V:4.433619MHz	Farnell 971-2739
R-US_R0805:10E	YRES10E-2
C-EUC0805:10p	YCAM10P-2
C-EUC1206:10u	YCAM10U
C-EUC0603:15p	YCAM15P-1
CPOL-EUSMCD:47u	YCAT47U
R-US_R0603:220k	YRES220K-1
YCOL100U-1:220u	YCOL220U
R-TRIMMT93YA:530E	Farnell 306-5716
AD722	RSOnline 231-5231
ADV7123	DigiKey: ADV7123KSTZ50-ND
LM3578	YICRLM3578
PINHD-2X20:	CNHDR064M3-1
CPOL-EUSMCC:10u	YCAT10U
CPOL-EUSMCC:100u	YCAT100U-1
R-US_R0805:10K	YRES10K-2
R-US_R0805:75E	YRES75E-2
F15HDH:CON-VGA	Farnell 210-535
MDIN4	Farnell 152-212
ML10:	CNFLC010M1
RN08:1K5	Farnell 447-419
MICROMATCH-12	CNFLC012F1
MCV1,5/5-G-3,5	Farnell 370-4841
MSTBV5	CNTRM005M-2
LED1X4	DIL3G-4
ELCO470U/35V	CAER470U-1
SPT-11P	CNTRB011-1
SPT-2P	CNTRB002-1
R-US_R0603:0E	YRES0E-1
R-US_R0805:0E	YRES0E-2
R-US_R0603:1K5	YRES1K5-1
R-US_R1206:1K5	YRES1K5
R-US_M1206:1M	YRES1M
C-EUC0805:1u	YCAM1U-1
R-US_R0603:2K7/1%	YRES2K7-1
R-US_R1206:3K3	YRES3K3
R-US_R0603:8K2	YRES8K2-1
R-US_R0603:8K2/1%	YRES8K2-1
R-US_M0805:10K	YRES10K-2
CPOL-EUSMCD:10u/35V	YCAT10U-3
R-US_R0603:12K	YRES12K-1
R-US_R0603:15K	YRES15K-1
R-US_R0805:22K	YRES22K-2
C-EUC0805:47n	YCAM47N-2
R-US_R0603:50E	YRES50E-1
R-US_R0805:56E	YRES56E-2
R-US_R1206:100K	YRES100K
CPOL-EUSMCD:100u/10V	YCAT100U
R-US_R0603:330E	YRES330E-1
R-US_R1206:470E	YRES470E
R-US_R1206:680K	YRES680K
R-US_R1206:820E	YRES820E
AD8131	YICSAD8131
BC857BSMD	YTRSBC857-1
MAX561CAI	YICLMAX561
MAX4642	YICSMAX4642
STF202	YICSSTF202
R-US_0207/10:0E2	RES0E2
R-US_R1206:1K	YRES1K
R-US_R0805:1K8	YRES1K8-2
R-US_R0805:3K3	YRES3K3-2
R-US_R0603:75K	YRES75K-1
R-US_R0805:120E	YRES120E-2
R-US_R0805:330E	YRES330E-2
R-US_R0603:390K	YRES390K-1
DIN41612-B64-FEMALE-90°	CNDIN064F2
DIN41612-B64-FEMALE-STRAIGHT	CNDIN064F1-1
R-US_R0805:2K7	YRES2K7-2
R-US_R1206:15K	YRES15K
R-US_R0603:100K	YRES100K-1
CPOL-EUSMCC:100u/6V3	YCAT100U-1
R-US_M0805:120E	YRES120E-2
C-EUC1206:470p	YCAM470P
C-EUC0805:1n	YCAM1N-2
C-EUC0603:22p	YCAM22P-1
R-US_R0603:49E9	YRES49E9-1
R-US_R0603:560E	YRES560E-1
BAS32L	YDIO1N4148
BC847	YTRSBC847-1
PSRDA05-6	YICSPSRDA05
R-US_R1206:0E	YRES0E
R-US_M0805:2K2	YRES2K2-2
R-US_R0805:2K2	YRES2K2-2
R-US_R0805:4K7	YRES4K7-2
C-EUC1206:4u7	YCAM4U7
R-US_R0603:150K	YRES150K-1
R-US_R0603:1K	YRES1K-1
R-US_R0805:1K	YRES1K-2
R-US_R0805:100E	YRES100E-2
LTC6905-100	DigiKey: LTC6905CS5-100#TRM-ND
TPS3809I50	Farnell 845-7166
BD647	Farnell: 119-2112
INA169	Farnell 120-6908
TPS78633KTT	Farnell 954-6308
TPS79618KTT	DigiKey 296-16664-5-ND
TPS5420D	DigiKey 296-19671-5-ND
R-US_R0805:4K87 1%	Farnell 114-0878
CRYTALTC26H:32.768kHz	old stock / Farnell 107-8691
SI1012R	Farnell 955-0445
CRYTALHC49U-V:3.579545MHz	DigiKey 631-1078-ND
CRYTALHC49U-V:12MHz	Farnell 950-9500
R-US_R1206:1M	YRES1M
C-EU050-045X075:1nF/polyprop	Farnell: 100-5978
R-US_R0805:4K87/1%	Farnell: 114-0878RL
C-EUC1206:4n7	YCAM4N7
74HC123D	Farnell: 108-5332
74HCT02D	Farnell: 108-5298
74HCT541DW	Farnell: 959-2059
R-US_R1206:390E	YRES390E
AD724	Farnell: 131-1719
AD724JRZ	Farnell: 131-1719
AD8051AR	Farnell: 942-5608
ADA4430-1	DigiKey: ADA4430-1YKSZ-R7CT-ND	ADA4430-1YKSZ-R7CT-ND	ADA4430-1YKSZ-R7CT-ND	ADA4430-1YKSZ-R7CT-ND
B340A	DigiKey: B340A-FDICT-ND
YDIZ:BZV55-C12	YDIZ12V
DP83848C	DigiKey: DP83848CVV-ND
DR127-330	Farnell: 119-5238
DVIULC6-4SC6	DigiKey: 497-5237-1-ND
FDN302P	Farnell: 122-3995
LPC2378FPD144	DigiKey: 568-3998-ND
LTC1728ES5-3.3	DigiKey: LTC1728ES5-3.3#TRMPBFCT-ND
MAX4090AAXT-T	DigiKey: MAX4090AAXT+TCT-ND
MAX4311ESD	DigiKey: MAX4311ESD+-ND
SPST	old stock of Farnell: 176-432	176-432
SST511	Farnell: 105-7751
XC2S200E-PQ208	DigiKey: 122-1324-ND
XCF02S-VO20	DigiKey: 122-1287-5-ND
CPOL-EUG:470u/10V	Farnell: 969-3483
LM393D	Farnell: 229-4229
LT6551CMS	RS: 506-1280
PSRDA3.3-6	YICSPSRDA33
LQG21N:4u7	Farnell: 952-7885
YDIZ:BZV55-C3V3	Farnell: 109-7197
1613_14	CNPWR002M4-2
MODULARJACK_4C4P	Farnell: 973-4171
MSTBA5	CNTRM005M-3
CON-COAX-90°	CNBNCF3-3
CPOL-EUE22-9AXIAL:100u/35V	CAEA100U-1
2P3T	RS: 334-101
ZENER-DIODEZD-10:7V5	d'tron
CPOL-EUE25-9AXIAL:100u/25V	CAEA100U-1
RN08:470E	old stock
CPOL-EUE45-21AXIAL:2200u/40V	CAEA2200U-1
CON_EDGE44-90°	RS: 483-871
DIN41612-F48-90°	harting 09 06 248 6836
MS-500F	d'tron
F15HP:	old stock
MAB5SH	Farnell: 809-883
F09VP:	old stock
M9040P:	old stock
R-US_0207/10:2K2	RES2K2
DIN41612-F-90°	CNDIN048F1-2
RJ45_DELTA	CNRJ45F1-1
WKP472	CAC4N7
YCAT15U-1	YCAT15U-1
SMDLM5010	YICRLM5010
SMDBNX022	YFIL14
R-EU_R1206:0E	YRES0E
R-EU_R0805:56E	YRES56E-2
R-EU_R0805:3K3	YRES3K3-2
R-EU_R0805:1K	YRES1K-2
R-EU_R0805:47K	YRES47K-2
MINISMDC050F	YFUSSMDC050
PLY10AN1430	FIL23
YDITSM15TXXCA	YDITSM15T39
DFL1501S:	YDIB70V1500MA
2U2	YCAM2U2
330UF/63V	CAEA470U-2
L-USL4532P:68uH	YCOL68U-1
L-USL4532P:100uH	YCOL100U
MRA4003	YDIOMRA4003
CON13	CNTRB013
LED	DIL3R-4
CON8	CNTRB008
NEB21R	CNPWR002M4-1
3K9	YRES3K9
150E	YRES150E
LEDLED_KLEIN2	DIL3G-4
YDITSM6T6V8	YDITSM6T6V8
LED31.5MM	YDIL3R
YCAT15U-1:15u	YCAT15U-1
4049D	YICT74HC4049
MOLEX_54363-0478	CNBTB040F1
BTH-D	CNBTB060F1
R-EU_R0603:270E	YRES270E-1
R-EU_R0805:0E	YRES0E-2
R-EU_R0805:2K2	YRES2K2-2
R-EU_R0805:68E	YRES68E-1
LM5010	YICRLM5010
BNX022	YFIL14
C-EUC1812:2u2	YCAM2U2
C-EUC1825:22n	YCAM22N
MINI-USB-AB	CNUSB04F4
MIDCOM-MIC66210-5171	CNRJ45F1-5
TYCO-SD-CONNECTOR	YCNSDCARD
R-EU_R0805:2e7	YRES2E7-2
R-EU_R0805:270E	YRES270E-2
WURTH-749-921-012-1	CNRJ45F1-5
SM15T39CA	YDITSM15T39
SMDBZX284C24	YDIZ24V
CS8900A	YICPCS8900
HSMX-C170	YDIL3G-1
CNHDR036M3-1/1X2	CNHDR036M3-1/1X2
HSMC-L640	YDIL3R
C-EUC0805:2n2	YCAM2N2-2
C-EUC1206:YCAM1U-4	YCAM1U-4
C-EUC0805:560p	YCAM560p-2
AD7873	YICSAD7873
SP3223ECA	YICLMAX3223
HALO_HFJ11-1041E	CNRJ45F1-6
R-EU_R0805:10E	YRES10E-2
R-EU_R0805:10K	YRES10K-2
R-EU_R0805:130E	YRES130E-2
R-EU_R0805:4K7	YRES4K7-2
R-EU_R0805:4.99K	YRES4K99-2
R-EU_R0805:22K	YRES22K-2
R-EU_R0805:1M	YRES1M-2
R-EU_R0805:100E	YRES100E-2
R-EU_R0805:220K	YRES220K-2
R-EU_R0805:5K6	YRES5K6-2
R-EU_R0805:63E	YRES63E-2
R-EU_R0805:33E	YRES33E-2
R-EU_R0805:18E	YRES18E-2
R-EU_R0805:120E	YRES120E-2
R-EU_R0805:68K	YRES68K-2
JXS53-20MHz	YXTL20M00
ML40:	CNFLC040M1
YCOL100U-1:330u	YCOL330U
C-EUC0805:10n	YCAM10N-2
CNHDR036M3-1/1X6	CNHDR036M3-1/1X6
R-EU_R0805:2E2	YRES2E2-2
R-EU_R0805:2E7	YRES2E7-2
R-EU_R0805:8E2	YRES8E2-2
YCOL330U-1	YCOL330U
BAS216	YDIOBAS216
R-EU_R0805:3E3	YRES3E3-2
C-EUC0805:10u	YCAM10U-1
C-EUC0805:22p	YCAM22P-2
RJ45-HALO_HFJ11-1041ERL	CNRJ45F1-6
C-EUC0603:YCAM1U-6	YCAM1U-6
C-EUC0603:YCAM10n-1	YCAM10N-1
C-EUC0603:YCAM47N-1	YCAM47N-1
C-EUC0603:YCAM100N-3	YCAM100N-3
C-EUC0603:YCAM22P-1	YCAM22P-1
CRYTALHC49S:XTAL24M576-1	XTL24M576-1
SAA7113H	YICSSAA7113
R-EU_R0603:1K	YRES1K-1
R-EU_R0603:3K3	YRES3K3-1
LP3985IM5-3.3"	YICRLP3985-3V3
MOLEX_55299_0478	CNBTB040M2
C-EUC1206:YCAM4N7	YCAM4N7
C2U2/100V/X7R/1812	YCAM2U2
YCAT47U/6V3	YCAT47U-3
C-EUC1812:YCAM2U2	YCAM2U2
TLP181	YICOTLP181-1
LTC3406B-1.8	YICRLTC3406B
R-EU_R1206:YRES4K7	YRES4K7
R-EU_R0805:YRES10K-2	YRES10K-2
R-EU_R1206:YRES15K	YRES15K
R-EU_R1206:YRES3K3-1	YRES3K3
IHLP-2525CZ-3U3	YCOL3U3
INT55	YMODINT5500CS
MAX660M	YICRMAX660
R-EU_R1206:3K3-1	YRES3K3-1
POWERLINE_SIGNAL_COUPLER	YTFMINT5500
R-EU_R1206:3K3	YRES3K3
R-EU_R0805:YRES330E-2	YRES330E-2
C-EUC1206:YCAM10U	YCAM10U
C-EUC0805:YCAM1U-1	YCAM1U-1
LED3X1.5MM	YDIL3R
R-EU_R0805:330E	YRES330E-2
C-EUC1206:10U	YCAM10U
C-EUC0805:1U	YCAM1U-1
SENSOR_PCB	CNBTB040F1
CNHDR036M3-1/1X5	CNHDR036M3-1/1X5
CNHDR036M3-1/1X3	CNHDR036M3-1/1X3
DS1708SESA	YICSMAX708
2N2369	TRS2N2369A
R-US_0207/10:47E	RES47E
CPOL-EUE22-9AXIAL:47u/40V	CAEA47U-1
BZX554V7	DIZ4V7
2N2894	TRS2N2894
C-EU025-025X050:100p	CAC100p
F09HP:FEMALE	CNSUD009F2-2
R-US_0207/10:120K	RES120K
74HC125N	ICT74HC125
R-US_0207/10:300E	RES300E
R-US_0207/10:4K7_NP	NOT PLACED
CPOL-EUE15-5AXIAL:10u/25V	CAEA10U
1N5817	DIO1N5817
R-US_0207/10:5K1	RES5K1
C-EUC0603:1µF	YCAM1U-3
C-EUC0603:10nF	YCAM10N-1
C-EUC0603:100nF	YCAM100N-3
C-EUC0805:100nF	YCAM100N-1
YCAT22U-2	YCAT22U-2
C-EUC0805:100pF	YCAM100P-2
R-EU_R0805:68k	YRES68K-2
R-EU_R0805:10k	YRES10K-2
NMOSSOT23:2N7002	YTRS2N7002
TRIM_EU-LI10:5K	RET5K
R-EU_R0805:20k	YRES20K-2
TRIM_EU-LI10:100k	RET100K
FH12A-50S	CNBTF050F1
HIROSE-FH23-45S-0.3SHW	CNBTF045F1
LM2936MP-3.0	YICRLM2936-3
MOLEX_52103_0419	CNBTF04F1
SMDBZX284C10	YDIZ10V
SMDBZX284C15	YDIZ15V
WURTH_74476401	YCOL1U
ML6:	CNFLC006M1-1
R-EU_R0805:8K2	YRES8K2-2
NC7S14SOT23:	YICT7S14
R-EU_R1206:10K	YRES10K-2
TANTOS-0G	YICSPSB6970
SAMTEC-TMS-120	CNHDR020M1-1
MCD_0.5/4-G1-2.5	CNTRM008M-3
MC_0.5/2-G-2.5	CNTRM002M-3
MCD_0.5/9-G1-2.5	CNTRM018M-3
MCD_0.5/3-G1-2.5	CNTRM006M-3
R-EU_R0603:22E	YRES22E-1
PULSE_H1270	YTFM10-100D
R-EU_R0603:75E	YRES75E-1
R-EU_R0603:12K	YRES12K-1
R-EU_R0603:470K	YRES470K-1
R-EU_R0603:27K	YRES27K-1
R-EU_R0603:100K	YRES100K-1
R-EU_R0603:0E	YRES0E-1
R-EU_R0603:1K2	YRES1K2-1
R-EU_R0603:1M	YRES1M-1
R-EU_R0603:2K2	YRES2K2-1
R-EU_R0603:10E	YRES10E-1
R-EU_R0603:10K	YRES10K-1
R-EU_R1206:15K	YRES15K
R-EU_R0603:33E	YRES33E-1
R-EU_R0603:47K	YRES47K-1
R-EU_R0603:49E9	YRES49E9-1
R-EU_R0603:56E	YRES56E-1
R-EU_R0603:68E	YRES68E-2
R-EU_R0603:100E	YRES100E-1
R-EU_R0603:330E	YRES330E-1
R-EU_R0603:330K	YRES330K-1
C-EUC1812:2N2	YCAM2N2-3
C-EUC1812:2U2	YCAM2U2
C-EUC0603:100N	YCAM100N-3
C-EUC0603:10P	YCAM10P-1
YCAT15U-1:15U	YCAT15U-1
C-EUC1825:22N	YCAM22N
CT_47U/10V	YCAT47U-2
C-EUC0603:10N	YCAM10N-1
CT_10U/16V	YCAT10U-1
CT_47U/6V3	YCAT47U-3
C-EUC0603:22P	YCAM22P-1
2_STACKED_RJ45_W_LEDS	CNRJ45F2
HEF4794	YICTHEF4794
HEF4894	YICTHEF4894
JXS53-25MHz	YXTL25M00-1
SINGLE_LED_HAAKS	DIL3R-5
CT_2U2/10	YCAT2U2-1
PUSHBUTTON_SPST	SWI40
QUAD-LED-ANGLED-RED	DIL3R-1
QUAD-LED-ANGLED-GREEN	DIL3G-1
DS90C241	YICL90C241
PBSS5520X	YTRS5520
BRD071004_R0.1	BRD071004/0
FK_MC0.5/2-ST-2.5	CNTRM002F-3
FK_MC0.5/3-ST-2.5	CNTRM003F-3
FK_MC0.5/9-ST-2.5	CNTRM009F-3
FK_MC0.5/4-ST-2.5	CNTRM004F-3
HEADERHOLES_SAMTEC_TMS120SA	DO_NOT_PLACE
SN65HVD12	YICL65HVD12
IMX31_R1	DO_NOT_PLACE
TESTPOINT	DO_NOT_PLACE
R-EU_R0603:DNP	DO_NOT_PLACE
HONDA_SD-CARD_CONNECTOR	YCNSDCARD-1
74LVC1G04	YICT74LVC1G04
R-EU_R0603:200E	YRES200E-1
OV7710	YICSCMOV7710
R-EU_R0805:62E	YRES62E-2
OWLAN211G	DNP
C-EUC0805:1nF	YCAM1N-2
C-EUC0603:1uF/10V/0603	YCAM1U-6
2MMSMD_HEAD2X8	CNHDR016M1
ANTENNE-AANLUITING2	DO_NOT_PLACE
AST057-5	CNTRM005-3
MINISMDC020F	YFUSSMDC020
WI232FHSS	YMODWI232-915M
YDITSM15T39CA	YDITSM15T39
YFIL22	YFILL22
YICLMAX3483	YICL65HVD12
YICMAXCR3032	YICMAXCR3032
YXTLC3M68-1	YXTLC3M68-1
GDT-T90	YGDTT90
YCAT47U:	YCAT47U-3
R-EU_R1206:4K7	YRES4K7
ANTENNE-AANSLUITING	DO_NOT_PLACE
WI.232EUR	YMODWI232-868M
LP3985IM5-2.8SOT	YICRLP3985-2V8
SE18	DO_NOT_PLACE
DRS3010	SWI49
CNHDR036M3-1/1X6B	CNHDR036M3-1/1X6
TW-11-03-X-D	CNHDR022M1
CT_TEST	DO_NOT_PLACE
C-EUC0603:22N	YCAM22N-1
ESQT-111-02-X-D	CNHDR022F1
INT55MX	DO_NOT_PLACE
SL090A090SM	YGDTSL0902
M09HP	CNSUD009M2-3
C-EUC0805:100N	YCAM100N-1
R-EU_R0603:4K7	YRES4K7-1
R-EU_R0603:5K6	YRES5K6-1
BAT760	YDIOBAT760
BPL-MODULE	YMODINT5500CS
ICL3243IAZ	YICLMAX3243
BLM21BB121	YCOLFB120E
MIC2075	YICSMIC2075
R-US_R1206:1K_NP	NOT PLACED
R-US_R1206:3K9	YRES3K9
R-US_R0805:10K_NP	NOT PLACED
C-EUC0805:10p_NP	NOT PLACED
R-US_R0603:47E	YRES47E-1
CPOL-EUSMCD:68u/10V	YCAT68U
R-US_R0603:37K4	YRES37K4-1
CPOL-EUSMCC:10u/16V	YCAT10U
AD8041AR	YICSAD8041
AD8571ARZ	Farnell: 942-6078
MAX707ESA_NP	NOT PLACED
R-US_R1206:NP	NOT PLACED
R-US_R0603:NP	NOT PLACED
MT9V111_AUTOMOTIVE	YICSCMT9V111
BSH-60-01-L-D-A-TR	CNBTB060M1
BTH-060-02-F-D-A-TR	CNBTB060F1
MBR053	YDIOMBR0530
YCOL330U	YCOL330U
R-EU_R1206:0E22	YRES0E22
R-EU_R0805:22E	YRES22E-2
GRADCONN_BB02-PE	CNBTB040M2-1
R-EU_R0805:150E	YRES150E-2
GOLDCAP_1F	CAC1F
GRADCONN_BB02-PG	CNBTB040F1-1
IMX31_R2	30-0192
KX_327XS/32K76	YXTL32K76-1
SMDAT24C02B	YICME256X8-1
SMDPCF8563	YICSPCF8563
TW-14-03-X-D	CNHDR028M1
R-EU_R0603:150E	YRES150E-1
BAV99	YDIOBAV99
IMX31_JTAG:	DO_NOT_PLACE
C-EUC0603:8P2	YCAM8P2-1
ESQT-114-02-X-D	CNHDR028F1
INT55MX-90°	YMODINT5500CS-1
ERNI_MJH-R	CNRJ45F2-2
R-EU_R0805:200K	YRES200K-1
BTH-D_DUMMY_CONNECTOR	CNBTB060F1
KX_327XS/32K76:	YXTL32K76-1
SMDLM73C	YICSLM73
R-EU_R0603:220E	YRES220E-1
ELCO_160V/100U_16X25_7.5	CAER100U-3
SM15T100CA	YDITSM15T100
DFL1502S:	YDIB140V1500MA
C-EUC1206:4U7	YCAM4U7
SMDTPS3823-33	YICSTPS3823-3V3
TP_BOTH-SIDES	DO_NOT_PLACE
STACKED_RJ45_W_LEDS	CNRJ45F2
R-EU_R0603:200K	YRES200K-1
TRS3243EIPW	YICLMAX3243-1
INT55MX-STRAIGHT	YMODINT5500CS
C-EUC0805K:1U	YCAM1U-1
R-EU_R0603:120K	YRES120K-1
TL7700CPW	YICSTL7700
74LVC1G123DCT	YICT74LVC1G123
C-EUC0805K:100N/100V	YCAM100N-6
FM93C66	YICME256X16
HARLINK	CNHLC010F1
PLY10AN3521R0D2	FIL25
MC_0.5/3-G-2.5	CNTRM003M-3
R-EU_R0603:68K	YRES68K-1
	CNHDR036M3-1/1x2
C-EUC0805K:1U/16V	YCAM1U-1
C-EUC0805K:2U2/25V	YCAM2U2-2
CT68U/16V	YCAT68U-2
MOLEX_54366-0478	CNUSB04F5
MAX682	YICRMAX682
1X6_SMDPAD	DO_NOT_PLACE
C-EUC0805K:4n7/200V	YCAM4N7-2
2036-09-SM	YGDTT90
AMP_6368011-3	CNRJ45F2
KX327XS	YXTL32K76-1
R-EU_R1206:NOT_PLACED_0E	DO_NOT_PLACE_YRES0E
PCF8563TS	YICSPCF8563
POLYRACK_SHIELDING_UNIT_PCB	BRD071004/2
SD-CARD	30-0204
TS22B	SWI40-1
WE-CBF_0805:742792040	YFIL23
L-EUL1812:NOT_PLACED	DO_NOT_PLACE
R-EU_R0603:NOT_PLACED_0E	DO_NOT_PLACE_YRES0E-1
R-EU_R0603:NOT_PLACED_3K3	DO_NOT_PLACE_YRES3K3-1
CT_15U/50V:15u/50V	YCAT15U-1
YCAT15U-1:DO_NOT_PLACE_15U	DO_NOT_PLACE_YCAT15U-1
R-EU_R0603:DO_NOT_PLACE_10K	DO_NOT_PLACE_YRES10K-1
PINHD-1X6:DO_NOT_PLACE_CNHDR036M3-1/1x6	DO_NOT_PLACE_CNHDR036M3-1/1X6
DO_NOT_PLACE_FM93C66	DO_NOT_PLACE_YICME256X16
LED3X1.5MM:DO_NOT_PLACE	DO_NOT_PLACE_YDIL3R
R-EU_R0603:DO_NOT_PLACE_270E	DO_NOT_PLACE_YRES270E-1
C-EUC0805K:DO_NOT_PLACE_100N/100V	DO_NOT_PLACE_YCAM100N-6
SAMTEC_SSW106-22-F-D	CNHDR012F1
MAX3221CAE	FARNELL-1053617
74AVCH1T45DCK	FARNELL-1601163
R-EU_R0603:1K5	YRES1K5-1
R-EU_R0603:1K8	YRES1K8-1
SAMTEC-TW10	CNHDR020M1-3
XILINX_VQG44	YICMAXC2C64
VIP_MAX_IO_X	BRD081107
WU-B-D-3102-3200-RR	DIL3R-2
JP2Q:	CNHDR064M3-1
XILINXJTAGHD:	CNHDR036M3-1
MODULARJACK_6C6P	CNRJ11F1-1
WU-B-D-3102-3200-GG	DIL3G-2
R-EU_R0805:100K	YRES100K-2
C_X1/440V/10NF	CAC10N
R-EU_R1206:1K	YRES1K
MOLEX_43860-0004	CNRJ45F1-10
PHOENIX_FFKDS_END	CNTRB001-S
PHOENIX_FFKDS:	CNTRB001-TRB
MOUNT-PAD-ROUND0.8	DO_NOT_PLACE
RCLAMP0502BSC75_SEMTECH	YDITCLAMP0502
C-EUC0805:100P	YCAM100P-2
PHOENIX_FFKDS_END:	CNTRB001-S
40PINS_FPC-CONNECTOR	CNFPC040F1
DFL1502S	YDIB140V1500MA
SHT11	YICSHT11
LED3X1.5MM:	YDIL3R
WURTH_WE-LAN:	YTFM10-100A
YCOLFB120E:	YCOLFB120E
R-EU_R0805:75E	YRES75E-2
TFC_X_STREAM_PCB:	BRD090112_R?
74LVC1G123DCTPVS	YICT74LVC1G123
DIN41612-F48-MALE	CNDIN048M2
EUROKAART_(IEC60927-3)	DO-NOT-PLACE
SD-CARD(19-PINS)	30-0204
TP	DO-NOT-PLACE
ML10	CNFLC010M1
DIN41612-F48-FEMALE	CNDIN048F1-1
MOUNT-PAD-ROUND	DO-NOT-PLACE
R-EU_R0603:2K7	YRES2k7-1
R-EU_R0603:560E	YRES560E-1
POLYFUSE_1812L110/33	YFUSSMDC0110
SPTA_1/11-3.5:	CNTRB011-2
SPTA-3:	CNTRB003-2
ELCO_100V/470µ_16X31.5_7.5_LL	CAER470U-2
74HC594D	YICT74HC594
R-EU_R0603:390E	YRES390E-1
R-US_R0805:1K5	YRES1K5-2
TPPAD1-13	NOT PLACED
F09D:5-747905-2	CNSUD009F1-1
F09D:5-747905-2	CNSUD009F1-1
F09D:5-747905-2	s
F09D:5-747905-2	qqsdf
F09D:5-747905-2	a
F09D:5-747905-2	d
CPOL-EUE25-10AXIAL:22u/63V	old stock
CPOL-EUE25-9AXIAL:470u/10V	old stock
74456233	YCOL330U
LM2574N-3.3	YICRLM2574-3V3
MF-SM150/33	YFUS1500MA
SMCJ30A	YDITSMJC30A
DIP04YL:	SWI50
W237-03P:	CNTRB003
THS7316	YICL7316
DG2742DQ	YICS2742
W237-05P:	CNTRB005
CPOL-EUE5-10.5:470u/35V	CAER470U-1
CON_EDGE22	CNEDGE44
1N5819	DIO1N5819
SJ2W:	NOT PLACED
SJ:	NOT PLACED
CPOL-EUE2.5-7:22u/63V	CAER22U
KBL:KBL403	DIB200C4000
IMX31_JTAG:DO_NOT_PLACE_CNHDR064M3-1/2x10	DO_NOT_PLACE_CNHDR064M3-1/2x10
YCOLFB120E:BLM21BB121SN1	YCOLFB120E
LED3X1.5MM:Red	YDIL3R
WURTH_WE-LAN:WE-749010011	YTFM10-100A
LM73C-0	YICSLM73
IMX31_JTAG	DO_NOT_PLACE_CNHDR064M3-1/2x10
WURTH_WE-LAN	YTFM10-100A
YCOLFB120E	YCOLFB120E Farnell 1515624
ADM809S	YICSADM809
CNHDR036M3-1/1x2	CNHDR036M3-1/1x2
MOUNT-PAD-ROUND3.3	DO_NOT_PLACE
WURTH_615004144121	CNRJ12F1-2
CMKT_1U/100V	CAM1U
WURTH_WE-LANOK	YTFM10-100A
GND-PIN	CN001M1
TXS0102	YICRTXS0102
0-5787834-2	CNUSB04F2
R-US_R1206:2K2	YRES2K2
R-US_R1206:150E	YRES150E
CPOL-EUE35-14AXIAL:470u/63V	CAEA470U-2
FRAME_TRAFICON_A4	BRD040922/3
FT232RL	YICLFT232
MKDSN1,5/8-5,00	CNTRB008
NEB21R_2	CNPWR002M4-1
SN65176AD	Farnell: 9589970
SN65176BD	YICL65176
WU-2311-GGGG	DIL3G-4
WU-2311-R	DIL3R-4
C-EUC1206:100n	YCAM100n
742792063	YCOLFB60E
MKDSN1,5/5-5,00	CNTRB005
GSOT05C	YDITGSOT05
BS170F	YTRSBS170
R-US_R1206:330E	YRES330E
R-US_R1206:5K6	YRES5K6
BRD061231	BRD061231/2
MSTB2	CNTRM002F-5
MSTBA2.5_2_G_5.00	CNTRM002M-4
MSTBA2.5_5_G_5.00	CNTRM005M-3
MSTB5	CNTRM005F-2
RJ45-90°	CNRJ45F
SAMTEC_TMS-119	CNHDR019M1-1
HFJV1-2450	CNRJ45F1-3
MICROMATCH-6	CNFLC006F1
MOUNT-PAD-ROUND1.0	CNHARP10
WURTH_69140170008	CNTRB008-3
TPPAD1-13Y	DO-NOT-PLACE
WURTH_WE-LAN_749020010	YTFM10-100D-1
MVSTBW_2,5/_5-ST	CNTRM005F-2
MVSTBW_2,5/_2-ST	CNTRM002F-2
C-EUC0805:10uF	YCAM10U-1
OV7211	YICSCMOV7211
SRDA3.3-6	YICSPSRDA33
PINHD-1X9:	CNHDR036M3-1
Not Placed	CNRJ45F1-10
C-EUC1812:2n2	YCAM2N2-3
C-EUC0603:100n	YCAM100N-3
SAMTEC-TW-20-04-L-D-120-100	CNHDR020M2
R-EU_R0603:10k	YRES10k-1
600E	YCOLFB600E
SPST_C&K	RS: 102-383 Farnell:947-1677
SPDT_C&K	Farnell 1201430
LSP13	DO_NOT_PLACE
TYCO-AMPMODU-3P	CNPWR003M5
TYCO-AMPMODU-8P	CNPWR008M5
R-EU_R0603:1K69	YRES1K69-1
C-EUC0603:100PF	YCAM100P-1
C-EUC0603:330PF	YCAM330P-1
C-EUC0603:560PF	YCAM560P-1
MBRS240LT3	YDIOMBRS240
C-EUC0603:220PF	YCAM220P-1
YCAT47U:47U	YCAT47U-2
LM5575	YICRLM5575
WURTH_WE-PD_7447715220	YCOL22U
B3B-XH-A	CNXH003M1
B8B-XH-A(JST)	CNXH008M1
MH_3.25MM	DO_NOT_PLACE
C-EUC1206:4N7	YCAM4N7
47U/6V3	YCAT47U-3
160V/100U	CAER100U-3
AT24C02B	YICME256X8-1
TPS3823-33	YICSTPS3823-3V3
68U/16V	YCAT68U-2
10U/16V	YCAT10U-1
2U2/100V/X7R	YCAM2U2
NETTIE	DO_NOT_PLACE
1-1478031-0	CNBNCF3-3
PINHD-1X4:B4B-XH-A (LF)(SN)	Farnell 1516278
DIN41612-C64-MALE	Farnell 1122925
GMSTBV2	CNTRM002M-2
MIC24013	CNRJ45F1-7
P101:PT65-301	Farnell 1082483
USB_B_90°	CNUSB04F3
P103:PT65-303	Farnell 1082484
LM1086CT-3.3	RS 533-9448
